이름,버전,배포일자,출처,해시값(SHA256)
absl-py,2.4.0,2026-01-28,https://files.pythonhosted.org/packages/18/a6/907a406bb7d359e6a63f99c313846d9eec4f7e6f7437809e03aa00fa3074/absl_py-2.4.0-py3-none-any.whl,sha256:88476fd881ca8aab94ffa78b7b6c632a782ab3ba1cd19c9bd423abc4fb4cd28d
accelerate,1.12.0,2025-11-21,https://files.pythonhosted.org/packages/9f/d2/c581486aa6c4fbd7394c23c47b83fa1a919d34194e16944241daf9e762dd/accelerate-1.12.0-py3-none-any.whl,sha256:3e2091cd341423207e2f084a6654b1efcd250dc326f2a37d6dde446e07cabb11
aiohappyeyeballs,2.6.1,2025-03-12,https://files.pythonhosted.org/packages/0f/15/5bf3b99495fb160b63f95972b81750f18f7f4e02ad051373b669d17d44f2/aiohappyeyeballs-2.6.1-py3-none-any.whl,sha256:f349ba8f4b75cb25c99c5c2d84e997e485204d2902a9597802b0371f09331fb8
aiohttp,3.13.3,2026-01-03,https://files.pythonhosted.org/packages/d9/b7/76175c7cb4eb73d91ad63c34e29fc4f77c9386bba4a65b53ba8e05ee3c39/aiohttp-3.13.3-cp312-cp312-win_amd64.whl,sha256:e3531d63d3bdfa7e3ac5e9b27b2dd7ec9df3206a98e0b3445fa906f233264c57
aiosignal,1.4.0,2025-07-03,https://files.pythonhosted.org/packages/fb/76/641ae371508676492379f16e2fa48f4e2c11741bd63c48be4b12a6b09cba/aiosignal-1.4.0-py3-none-any.whl,sha256:053243f8b92b990551949e63930a839ff0cf0b0ebbe0597b0f3fb19e1a0fe82e
alembic,1.18.4,2026-02-10,https://files.pythonhosted.org/packages/d2/29/6533c317b74f707ea28f8d633734dbda2119bbadfc61b2f3640ba835d0f7/alembic-1.18.4-py3-none-any.whl,sha256:a5ed4adcf6d8a4cb575f3d759f071b03cd6e5c7618eb796cb52497be25bfe19a
annotated-doc,0.0.4,2025-11-10,https://files.pythonhosted.org/packages/1e/d3/26bf1008eb3d2daa8ef4cacc7f3bfdc11818d111f7e2d0201bc6e3b49d45/annotated_doc-0.0.4-py3-none-any.whl,sha256:571ac1dc6991c450b25a9c2d84a3705e2ae7a53467b5d111c24fa8baabbed320
annotated-types,0.7.0,2024-05-20,https://files.pythonhosted.org/packages/78/b6/6307fbef88d9b5ee7421e68d78a9f162e0da4900bc5f5793f6d3d0e34fb8/annotated_types-0.7.0-py3-none-any.whl,sha256:1f02e8b43a8fbbc3f3e0d4f0f4bfc8131bcb4eebe8849b8e5c773f3a1c582a53
antlr4-python3-runtime,4.9.3,2021-11-06,https://files.pythonhosted.org/packages/3e/38/7859ff46355f76f8d19459005ca000b6e7012f2f1ca597746cbcd1fbfe5e/antlr4-python3-runtime-4.9.3.tar.gz,sha256:f224469b4168294902bb1efa80a8bf7855f24c99aef99cbefc1bcd3cce77881b
anyio,4.12.1,2026-01-06,https://files.pythonhosted.org/packages/38/0e/27be9fdef66e72d64c0cdc3cc2823101b80585f8119b5c112c2e8f5f7dab/anyio-4.12.1-py3-none-any.whl,sha256:d405828884fc140aa80a3c667b8beed277f1dfedec42ba031bd6ac3db606ab6c
asttokens,3.0.1,2025-11-15,https://files.pythonhosted.org/packages/d2/39/e7eaf1799466a4aef85b6a4fe7bd175ad2b1c6345066aa33f1f58d4b18d0/asttokens-3.0.1-py3-none-any.whl,sha256:15a3ebc0f43c2d0a50eeafea25e19046c68398e487b9f1f5b517f7c0f40f976a
attrs,25.4.0,2025-10-06,https://files.pythonhosted.org/packages/3a/2a/7cc015f5b9f5db42b7d48157e23356022889fc354a2813c15934b7cb5c0e/attrs-25.4.0-py3-none-any.whl,sha256:adcf7e2a1fb3b36ac48d97835bb6d8ade15b8dcce26aba8bf1d14847b57a3373
audioread,3.1.0,2025-10-26,https://files.pythonhosted.org/packages/7e/16/fbe8e1e185a45042f7cd3a282def5bb8d95bb69ab9e9ef6a5368aa17e426/audioread-3.1.0-py3-none-any.whl,sha256:b30d1df6c5d3de5dcef0fb0e256f6ea17bdcf5f979408df0297d8a408e2971b4
av,16.1.0,2026-01-11,https://files.pythonhosted.org/packages/c8/b9/275df9607f7fb44317ccb1d4be74827185c0d410f52b6e2cd770fe209118/av-16.1.0-cp312-cp312-win_amd64.whl,sha256:f49243b1d27c91cd8c66fdba90a674e344eb8eb917264f36117bf2b6879118fd
braceexpand,0.1.7,2021-05-07,https://files.pythonhosted.org/packages/fa/93/e8c04e80e82391a6e51f218ca49720f64236bc824e92152a2633b74cf7ab/braceexpand-0.1.7-py2.py3-none-any.whl,sha256:91332d53de7828103dcae5773fb43bc34950b0c8160e35e0f44c4427a3b85014
certifi,2026.1.4,2026-01-04,https://files.pythonhosted.org/packages/e6/ad/3cc14f097111b4de0040c83a525973216457bbeeb63739ef1ed275c1c021/certifi-2026.1.4-py3-none-any.whl,sha256:9943707519e4add1115f44c2bc244f782c0249876bf51b6599fee1ffbedd685c
cffi,2.0.0,2025-09-08,https://files.pythonhosted.org/packages/f8/ed/13bd4418627013bec4ed6e54283b1959cf6db888048c7cf4b4c3b5b36002/cffi-2.0.0-cp312-cp312-win_amd64.whl,sha256:da68248800ad6320861f129cd9c1bf96ca849a2771a59e0344e88681905916f5
charset-normalizer,3.4.4,2025-10-14,https://files.pythonhosted.org/packages/3d/2d/1e5ed9dd3b3803994c155cd9aacb60c82c331bad84daf75bcb9c91b3295e/charset_normalizer-3.4.4-cp312-cp312-win_amd64.whl,sha256:a79cfe37875f822425b89a82333404539ae63dbdddf97f84dcbc3d339aae9525
click,8.3.1,2025-11-15,https://files.pythonhosted.org/packages/98/78/01c019cdb5d6498122777c1a43056ebb3ebfeef2076d9d026bfe15583b2b/click-8.3.1-py3-none-any.whl,sha256:981153a64e25f12d547d3426c367a4857371575ee7ad18df2a6183ab0545b2a6
cloudpickle,3.1.2,2025-11-03,https://files.pythonhosted.org/packages/88/39/799be3f2f0f38cc727ee3b4f1445fe6d5e4133064ec2e4115069418a5bb6/cloudpickle-3.1.2-py3-none-any.whl,sha256:9acb47f6afd73f60dc1df93bb801b472f05ff42fa6c84167d25cb206be1fbf4a
colorama,0.4.6,2022-10-25,https://files.pythonhosted.org/packages/d1/d6/3965ed04c63042e047cb6a3e6ed1a63a35087b6a609aa3a15ed8ac56c221/colorama-0.4.6-py2.py3-none-any.whl,sha256:4f1d9991f5acc0ca119f9d443620b77f9d6b33703e51011c16baf57afb285fc6
colorlog,6.10.1,2025-10-16,https://files.pythonhosted.org/packages/6d/c1/e419ef3723a074172b68aaa89c9f3de486ed4c2399e2dbd8113a4fdcaf9e/colorlog-6.10.1-py3-none-any.whl,sha256:2d7e8348291948af66122cff006c9f8da6255d224e7cf8e37d8de2df3bad8c9c
comtypes,1.4.16,2026-03-02,https://files.pythonhosted.org/packages/5f/7c/0eb685107290b6221c03c46d39214a4e42a124189691cb83ae3228257f46/comtypes-1.4.16-py3-none-any.whl,sha256:e18d85179ff12955524c5a8c3bc09cb3c0d890f1da4d7123d14244c7b78f84c8
contourpy,1.3.3,2025-07-26,https://files.pythonhosted.org/packages/19/e8/6026ed58a64563186a9ee3f29f41261fd1828f527dd93d33b60feca63352/contourpy-1.3.3-cp312-cp312-win_amd64.whl,sha256:8153b8bfc11e1e4d75bcb0bff1db232f9e10b274e0929de9d608027e0d34ff8b
ctranslate2,4.7.1,2026-02-04,https://files.pythonhosted.org/packages/4a/f4/d23dbfb9c62cb642c114a30f05d753ba61d6ffbfd8a3a4012fe85a073bcb/ctranslate2-4.7.1-cp312-cp312-win_amd64.whl,sha256:d0f734dc3757118094663bdaaf713f5090c55c1927fb330a76bb8b84173940e8
cuda-bindings,12.9.4,2025-10-21,https://files.pythonhosted.org/packages/df/6b/9c1b1a6c01392bfdd758e9486f52a1a72bc8f49e98f9355774ef98b5fb4e/cuda_bindings-12.9.4-cp312-cp312-win_amd64.whl,sha256:696ca75d249ddf287d01b9a698b8e2d8a05046495a9c051ca15659dc52d17615
cuda-pathfinder,1.3.4,2026-02-11,https://files.pythonhosted.org/packages/b8/5e/db279a3bfbd18d59d0598922a3b3c1454908d0969e8372260afec9736376/cuda_pathfinder-1.3.4-py3-none-any.whl,sha256:fb983f6e0d43af27ef486e14d5989b5f904ef45cedf40538bfdcbffa6bb01fb2
cycler,0.12.1,2023-10-07,https://files.pythonhosted.org/packages/e7/05/c19819d5e3d95294a6f5947fb9b9629efb316b96de511b418c53d245aae6/cycler-0.12.1-py3-none-any.whl,sha256:85cef7cff222d8644161529808465972e51340599459b8ac3ccbac5a854e0d30
cytoolz,1.1.0,2025-10-19,https://files.pythonhosted.org/packages/ad/33/4c9bdf8390dc01d2617c7f11930697157164a52259b6818ddfa2f94f89f4/cytoolz-1.1.0-cp312-cp312-win_amd64.whl,sha256:07156987f224c6dac59aa18fb8bf91e1412f5463961862716a3381bf429c8699
datasets,4.5.0,2026-01-14,https://files.pythonhosted.org/packages/fc/d5/0d563ea3c205eee226dc8053cf7682a8ac588db8acecd0eda2b587987a0b/datasets-4.5.0-py3-none-any.whl,sha256:b5d7e08096ffa407dd69e58b1c0271c9b2506140839b8d99af07375ad31b6726
decorator,5.2.1,2025-02-24,https://files.pythonhosted.org/packages/4e/8c/f3147f5c4b73e7550fe5f9352eaa956ae838d5c51eb58e7a25b9f3e2643b/decorator-5.2.1-py3-none-any.whl,sha256:d316bb415a2d9e2d2b3abcc4084c6502fc09240e292cd76a76afc106a1c8e04a
dill,0.4.0,2025-04-16,https://files.pythonhosted.org/packages/50/3d/9373ad9c56321fdab5b41197068e1d8c25883b3fea29dd361f9b55116869/dill-0.4.0-py3-none-any.whl,sha256:44f54bf6412c2c8464c14e8243eb163690a9800dbe2c367330883b19c7561049
docopt,0.6.2,2014-06-16,https://files.pythonhosted.org/packages/a2/55/8f8cab2afd404cf578136ef2cc5dfb50baa1761b68c9da1fb1e4eed343c9/docopt-0.6.2.tar.gz,sha256:49b3a825280bd66b3aa83585ef59c4a8c82f2c8a522dbe754a8bc8d08c85c491
editdistance,0.8.1,2024-02-10,https://files.pythonhosted.org/packages/28/f0/65101e51dc7c850e7b7581a5d8fa8721a1d7479a0dca6c08386328e19882/editdistance-0.8.1-cp312-cp312-win_amd64.whl,sha256:09f01ed51746d90178af7dd7ea4ebb41497ef19f53c7f327e864421743dffb0a
einops,0.8.2,2026-01-26,https://files.pythonhosted.org/packages/2a/09/f8d8f8f31e4483c10a906437b4ce31bdf3d6d417b73fe33f1a8b59e34228/einops-0.8.2-py3-none-any.whl,sha256:54058201ac7087911181bfec4af6091bb59380360f069276601256a76af08193
executing,2.2.1,2025-09-01,https://files.pythonhosted.org/packages/c1/ea/53f2148663b321f21b5a606bd5f191517cf40b7072c0497d3c92c4a13b1e/executing-2.2.1-py2.py3-none-any.whl,sha256:760643d3452b4d777d295bb167ccc74c64a81df23fb5e08eff250c425a4b2017
fastapi,0.131.0,2026-02-22,https://files.pythonhosted.org/packages/ff/94/b58ec24c321acc2ad1327f69b033cadc005e0f26df9a73828c9e9c7db7ce/fastapi-0.131.0-py3-none-any.whl,sha256:ed0e53decccf4459de78837ce1b867cd04fa9ce4579497b842579755d20b405a
faster-whisper,1.2.1,2025-10-31,https://files.pythonhosted.org/packages/05/99/49ee85903dee060d9f08297b4a342e5e0bcfca2f027a07b4ee0a38ab13f9/faster_whisper-1.2.1-py3-none-any.whl,sha256:79a66ad50688c0b794dd501dc340a736992a6342f7f95e5811be60b5224a26a7
fiddle,0.3.0,2024-04-09,https://files.pythonhosted.org/packages/3b/98/a38e949a91ff9e15874487fd8329ff53c25f3413c0cfc809eb6ff7eb7fa1/fiddle-0.3.0-py3-none-any.whl,sha256:f4824541c103a94a2f33f6c93eeddf6007c3a7300440087a95907f3e74362e61
filelock,3.24.3,2026-02-19,https://files.pythonhosted.org/packages/9c/0f/5d0c71a1aefeb08efff26272149e07ab922b64f46c63363756224bd6872e/filelock-3.24.3-py3-none-any.whl,sha256:426e9a4660391f7f8a810d71b0555bce9008b0a1cc342ab1f6947d37639e002d
flatbuffers,25.12.19,2025-12-19,https://files.pythonhosted.org/packages/e8/2d/d2a548598be01649e2d46231d151a6c56d10b964d94043a335ae56ea2d92/flatbuffers-25.12.19-py2.py3-none-any.whl,sha256:7634f50c427838bb021c2d66a3d1168e9d199b0607e6329399f04846d42e20b4
fonttools,4.61.1,2025-12-12,https://files.pythonhosted.org/packages/80/3b/a3e81b71aed5a688e89dfe0e2694b26b78c7d7f39a5ffd8a7d75f54a12a8/fonttools-4.61.1-cp312-cp312-win_amd64.whl,sha256:497c31ce314219888c0e2fce5ad9178ca83fe5230b01a5006726cdf3ac9f24d9
frozenlist,1.8.0,2025-10-06,https://files.pythonhosted.org/packages/b8/af/38e51a553dd66eb064cdf193841f16f077585d4d28394c2fa6235cb41765/frozenlist-1.8.0-cp312-cp312-win_amd64.whl,sha256:34187385b08f866104f0c0617404c8eb08165ab1272e884abc89c112e9c00746
fsspec,2024.12.0,2024-12-19,https://files.pythonhosted.org/packages/de/86/5486b0188d08aa643e127774a99bac51ffa6cf343e3deb0583956dca5b22/fsspec-2024.12.0-py3-none-any.whl,sha256:b520aed47ad9804237ff878b504267a3b0b441e97508bd6d2d8774e3db85cee2
gitdb,4.0.12,2025-01-02,https://files.pythonhosted.org/packages/a0/61/5c78b91c3143ed5c14207f463aecfc8f9dbb5092fb2869baf37c273b2705/gitdb-4.0.12-py3-none-any.whl,sha256:67073e15955400952c6565cc3e707c554a4eea2e428946f7a4c162fab9bd9bcf
gitpython,3.1.46,2026-01-01,https://files.pythonhosted.org/packages/6a/09/e21df6aef1e1ffc0c816f0522ddc3f6dcded766c3261813131c78a704470/gitpython-3.1.46-py3-none-any.whl,sha256:79812ed143d9d25b6d176a10bb511de0f9c67b1fa641d82097b0ab90398a2058
graphviz,0.21,2025-06-15,https://files.pythonhosted.org/packages/91/4c/e0ce1ef95d4000ebc1c11801f9b944fa5910ecc15b5e351865763d8657f8/graphviz-0.21-py3-none-any.whl,sha256:54f33de9f4f911d7e84e4191749cac8cc5653f815b06738c54db9a15ab8b1e42
greenlet,3.3.2,2026-02-20,https://files.pythonhosted.org/packages/9b/40/cc802e067d02af8b60b6771cea7d57e21ef5e6659912814babb42b864713/greenlet-3.3.2-cp312-cp312-win_amd64.whl,sha256:34308836d8370bddadb41f5a7ce96879b72e2fdfb4e87729330c6ab52376409f
grpcio,1.78.1,2026-02-20,https://files.pythonhosted.org/packages/5d/17/388c12d298901b0acf10b612b650692bfed60e541672b1d8965acbf2d722/grpcio-1.78.1-cp312-cp312-win_amd64.whl,sha256:02b82dcd2fa580f5e82b4cf62ecde1b3c7cc9ba27b946421200706a6e5acaf85
h11,0.16.0,2025-04-24,https://files.pythonhosted.org/packages/04/4b/29cac41a4d98d144bf5f6d33995617b185d14b22401f75ca86f384e87ff1/h11-0.16.0-py3-none-any.whl,sha256:63cf8bbe7522de3bf65932fda1d9c2772064ffb3dae62d55932da54b31cb6c86
httpcore,1.0.9,2025-04-24,https://files.pythonhosted.org/packages/7e/f5/f66802a942d491edb555dd61e3a9961140fd64c90bce1eafd741609d334d/httpcore-1.0.9-py3-none-any.whl,sha256:2d400746a40668fc9dec9810239072b40b4484b640a8c38fd654a024c7a1bf55
httpx,0.28.1,2024-12-06,https://files.pythonhosted.org/packages/2a/39/e50c7c3a983047577ee07d2a9e53faf5a69493943ec3f6a384bdc792deb2/httpx-0.28.1-py3-none-any.whl,sha256:d909fcccc110f8c7faf814ca82a9a4d816bc5a6dbfea25d6591d6985b8ba59ad
huggingface-hub,0.36.2,2026-02-06,https://files.pythonhosted.org/packages/a8/af/48ac8483240de756d2438c380746e7130d1c6f75802ef22f3c6d49982787/huggingface_hub-0.36.2-py3-none-any.whl,sha256:48f0c8eac16145dfce371e9d2d7772854a4f591bcb56c9cf548accf531d54270
hydra-core,1.3.2,2023-02-23,https://files.pythonhosted.org/packages/c6/50/e0edd38dcd63fb26a8547f13d28f7a008bc4a3fd4eb4ff030673f22ad41a/hydra_core-1.3.2-py3-none-any.whl,sha256:fa0238a9e31df3373b35b0bfb672c34cc92718d21f81311d8996a16de1141d8b
idna,3.11,2025-10-12,https://files.pythonhosted.org/packages/0e/61/66938bbb5fc52dbdf84594873d5b51fb1f7c7794e9c0f5bd885f30bc507b/idna-3.11-py3-none-any.whl,sha256:771a87f49d9defaf64091e6e6fe9c18d4833f140bd19464795bc32d966ca37ea
indic-numtowords,1.1.0,2025-08-18,https://files.pythonhosted.org/packages/1e/16/b2b6491d95a15bda712163b4e27428f2cb1ac3a1b4fb59b140dbc76f6ce5/indic_numtowords-1.1.0-py3-none-any.whl,sha256:bf4b7b9e539323d9b00bc868caa2d9369170b8f3ac4d19619bf9c6cdc6f89572
inflect,7.5.0,2024-12-28,https://files.pythonhosted.org/packages/8a/eb/427ed2b20a38a4ee29f24dbe4ae2dafab198674fe9a85e3d6adf9e5f5f41/inflect-7.5.0-py3-none-any.whl,sha256:2aea70e5e70c35d8350b8097396ec155ffd68def678c7ff97f51aa69c1d92344
intervaltree,3.2.1,2025-12-24,https://files.pythonhosted.org/packages/83/7f/8a80a1c7c2ed05822b5a2b312d2995f30c533641f8198366ba2e26a7bb03/intervaltree-3.2.1-py2.py3-none-any.whl,sha256:a8a8381bbd35d48ceebee932c77ffc988492d22fb1d27d0ba1d74a7694eb8f0b
ipython,9.10.0,2026-02-02,https://files.pythonhosted.org/packages/3d/aa/898dec789a05731cd5a9f50605b7b44a72bd198fd0d4528e11fc610177cc/ipython-9.10.0-py3-none-any.whl,sha256:c6ab68cc23bba8c7e18e9b932797014cc61ea7fd6f19de180ab9ba73e65ee58d
ipython-pygments-lexers,1.1.1,2025-01-17,https://files.pythonhosted.org/packages/d9/33/1f075bf72b0b747cb3288d011319aaf64083cf2efef8354174e3ed4540e2/ipython_pygments_lexers-1.1.1-py3-none-any.whl,sha256:a9462224a505ade19a605f71f8fa63c2048833ce50abc86768a0d81d876dc81c
jedi,0.19.2,2024-11-11,https://files.pythonhosted.org/packages/c0/5a/9cac0c82afec3d09ccd97c8b6502d48f165f9124db81b4bcb90b4af974ee/jedi-0.19.2-py2.py3-none-any.whl,sha256:a8ef22bde8490f57fe5c7681a3c83cb58874daf72b4784de3cce5b6ef6edb5b9
jinja2,3.1.6,2025-03-05,https://files.pythonhosted.org/packages/62/a1/3d680cbfd5f4b8f15abc1d571870c5fc3e594bb582bc3b64ea099db13e56/jinja2-3.1.6-py3-none-any.whl,sha256:85ece4451f492d0c13c5dd7c13a64681a86afae63a5f347908daf103ce6d2f67
jiwer,3.1.0,2025-01-31,https://files.pythonhosted.org/packages/ba/f4/35634d9eeff3b0bab51f5b9474ee569b1186bf29cf0d9d67b84acc80c53d/jiwer-3.1.0-py3-none-any.whl,sha256:5a14b5bba4692e1946ca3c6946435f7d90b1b526076ccb6c12be763e2146237d
joblib,1.5.3,2025-12-15,https://files.pythonhosted.org/packages/7b/91/984aca2ec129e2757d1e4e3c81c3fcda9d0f85b74670a094cc443d9ee949/joblib-1.5.3-py3-none-any.whl,sha256:5fc3c5039fc5ca8c0276333a188bbd59d6b7ab37fe6632daa76bc7f9ec18e713
kaldi-python-io,1.2.2,2021-03-18,https://files.pythonhosted.org/packages/80/45/e3e542ffa8970ebd782fcece35e2295de9c60e8c396c2c1a403410d1b24e/kaldi-python-io-1.2.2.tar.gz,sha256:4ebb4029c6c58296cc0abf96edff02832ba341d290ed37624a8d00105f0f7c00
kaldialign,0.9.1,2024-03-17,https://files.pythonhosted.org/packages/83/b2/aac02ff83128f8068898ad37eb0077cecad0548d1207ec0ff5f61107f8e2/kaldialign-0.9.1-cp312-cp312-win_amd64.whl,sha256:c6090ef4ebdaf95fa78b46d7eda05b7367d8d889228a67696217487d4ceb783c
kiwisolver,1.4.9,2025-08-10,https://files.pythonhosted.org/packages/a0/41/85d82b0291db7504da3c2defe35c9a8a5c9803a730f297bd823d11d5fb77/kiwisolver-1.4.9-cp312-cp312-win_amd64.whl,sha256:f68208a520c3d86ea51acf688a3e3002615a7f0238002cccc17affecc86a8a54
lazy-loader,0.4,2024-04-05,https://files.pythonhosted.org/packages/83/60/d497a310bde3f01cb805196ac61b7ad6dc5dcf8dce66634dc34364b20b4f/lazy_loader-0.4-py3-none-any.whl,sha256:342aa8e14d543a154047afb4ba8ef17f5563baad3fc610d7b15b213b0f119efc
lhotse,1.31.1,2025-09-18,https://files.pythonhosted.org/packages/cb/dd/4a3698be19e7eca530312afefada5cef524b397d69f8eca5e7cd26a1e4d1/lhotse-1.31.1-py3-none-any.whl,sha256:d1a8a3d79f7b1ec8d2a9daecc871514999b721bee8ab354db6063864362cc857
libcst,1.8.6,2025-11-03,https://files.pythonhosted.org/packages/9a/a1/f47d8cccf74e212dd6044b9d6dbc223636508da99acff1d54786653196bc/libcst-1.8.6-cp312-cp312-win_amd64.whl,sha256:da95b38693b989eaa8d32e452e8261cfa77fe5babfef1d8d2ac25af8c4aa7e6d
librosa,0.11.0,2025-03-11,https://files.pythonhosted.org/packages/b5/ba/c63c5786dfee4c3417094c4b00966e61e4a63efecee22cb7b4c0387dda83/librosa-0.11.0-py3-none-any.whl,sha256:0b6415c4fd68bff4c29288abe67c6d80b587e0e1e2cfb0aad23e4559504a7fa1
lightning,2.4.0,2024-08-07,https://files.pythonhosted.org/packages/a3/2c/85eaf42c983b0cd81bcda5876da2c8e2a9fd347908666ea9855724369171/lightning-2.4.0-py3-none-any.whl,sha256:560163af9711cf59055c448232c473150a299089efce0d2be3cc3288082d8768
lightning-utilities,0.15.3,2026-02-22,https://files.pythonhosted.org/packages/25/f4/ead6e0e37209b07c9baa3e984ccdb0348ca370b77cea3aaea8ddbb097e00/lightning_utilities-0.15.3-py3-none-any.whl,sha256:6c55f1bee70084a1cbeaa41ada96e4b3a0fea5909e844dd335bd80f5a73c5f91
lilcom,1.8.2,2026-01-15,https://files.pythonhosted.org/packages/fb/2b/49b0fd9d58afa3dcd128ed892c51ff162a63abdbb8754114c1f0060128b0/lilcom-1.8.2-cp312-cp312-win_amd64.whl,sha256:0bdee08cb1582532b090eb07aeaed116343e861b945a89d068dc8c27c156afb2
llvmlite,0.44.0,2025-01-20,https://files.pythonhosted.org/packages/e2/3b/a9a17366af80127bd09decbe2a54d8974b6d8b274b39bf47fbaedeec6307/llvmlite-0.44.0-cp312-cp312-win_amd64.whl,sha256:eae7e2d4ca8f88f89d315b48c6b741dcb925d6a1042da694aa16ab3dd4cbd3a1
mako,1.3.10,2025-04-10,https://files.pythonhosted.org/packages/87/fb/99f81ac72ae23375f22b7afdb7642aba97c00a713c217124420147681a2f/mako-1.3.10-py3-none-any.whl,sha256:baef24a52fc4fc514a0887ac600f9f1cff3d82c61d4d700a1fa84d597b88db59
markdown,3.10.2,2026-02-09,https://files.pythonhosted.org/packages/de/1f/77fa3081e4f66ca3576c896ae5d31c3002ac6607f9747d2e3aa49227e464/markdown-3.10.2-py3-none-any.whl,sha256:e91464b71ae3ee7afd3017d9f358ef0baf158fd9a298db92f1d4761133824c36
markdown-it-py,4.0.0,2025-08-11,https://files.pythonhosted.org/packages/94/54/e7d793b573f298e1c9013b8c4dade17d481164aa517d1d7148619c2cedbf/markdown_it_py-4.0.0-py3-none-any.whl,sha256:87327c59b172c5011896038353a81343b6754500a08cd7a4973bb48c6d578147
markupsafe,3.0.3,2025-09-27,https://files.pythonhosted.org/packages/aa/5b/bec5aa9bbbb2c946ca2733ef9c4ca91c91b6a24580193e891b5f7dbe8e1e/markupsafe-3.0.3-cp312-cp312-win_amd64.whl,sha256:26a5784ded40c9e318cfc2bdb30fe164bdb8665ded9cd64d500a34fb42067b1c
marshmallow,4.2.2,2026-02-04,https://files.pythonhosted.org/packages/aa/70/bb89f807a6a6704bdc4d6f850d5d32954f6c1965e3248e31455defdf2f30/marshmallow-4.2.2-py3-none-any.whl,sha256:084a9466111b7ec7183ca3a65aed758739af919fedc5ebdab60fb39d6b4dc121
matplotlib,3.10.8,2025-12-10,https://files.pythonhosted.org/packages/30/4e/c10f171b6e2f44d9e3a2b96efa38b1677439d79c99357600a62cc1e9594e/matplotlib-3.10.8-cp312-cp312-win_amd64.whl,sha256:dd80ecb295460a5d9d260df63c43f4afbdd832d725a531f008dad1664f458adf
matplotlib-inline,0.2.1,2025-10-23,https://files.pythonhosted.org/packages/af/33/ee4519fa02ed11a94aef9559552f3b17bb863f2ecfe1a35dc7f548cde231/matplotlib_inline-0.2.1-py3-none-any.whl,sha256:d56ce5156ba6085e00a9d54fead6ed29a9c47e215cd1bba2e976ef39f5710a76
mdurl,0.1.2,2022-08-14,https://files.pythonhosted.org/packages/b3/38/89ba8ad64ae25be8de66a6d463314cf1eb366222074cfda9ee839c56a4b4/mdurl-0.1.2-py3-none-any.whl,sha256:84008a41e51615a49fc9966191ff91509e3c40b939176e643fd50a5c2196b8f8
mediapy,1.1.6,2023-02-24,https://files.pythonhosted.org/packages/e3/a0/0d55c59ea8a5f1b13b3eb931e1c0eab9c2a07322cad79cb51a596d2d2a5c/mediapy-1.1.6-py3-none-any.whl,sha256:c74370808b445666f95272bfdf0eb5707a43b7e05e5527f2dd0830e6892f976f
more-itertools,10.8.0,2025-09-02,https://files.pythonhosted.org/packages/a4/8e/469e5a4a2f5855992e425f3cb33804cc07bf18d48f2db061aec61ce50270/more_itertools-10.8.0-py3-none-any.whl,sha256:52d4362373dcf7c52546bc4af9a86ee7c4579df9a8dc268be0a2f949d376cc9b
mpmath,1.3.0,2023-03-07,https://files.pythonhosted.org/packages/43/e3/7d92a15f894aa0c9c4b49b8ee9ac9850d6e63b03c9c32c0367a13ae62209/mpmath-1.3.0-py3-none-any.whl,sha256:a0b2b9fe80bbcd81a6647ff13108738cfb482d481d826cc0e02f5b35e5c88d2c
msgpack,1.1.2,2025-10-08,https://files.pythonhosted.org/packages/8c/ec/d431eb7941fb55a31dd6ca3404d41fbb52d99172df2e7707754488390910/msgpack-1.1.2-cp312-cp312-win_amd64.whl,sha256:1de460f0403172cff81169a30b9a92b260cb809c4cb7e2fc79ae8d0510c78b6b
multidict,6.7.1,2026-01-26,https://files.pythonhosted.org/packages/80/31/0b2517913687895f5904325c2069d6a3b78f66cc641a86a2baf75a05dcbb/multidict-6.7.1-cp312-cp312-win_amd64.whl,sha256:fcee94dfbd638784645b066074b338bc9cc155d4b4bffa4adce1615c5a426c19
multiprocess,0.70.18,2025-04-17,https://files.pythonhosted.org/packages/bf/b6/5f922792be93b82ec6b5f270bbb1ef031fd0622847070bbcf9da816502cc/multiprocess-0.70.18-py312-none-any.whl,sha256:9b78f8e5024b573730bfb654783a13800c2c0f2dfc0c25e70b40d184d64adaa2
nemo-toolkit,2.6.2,2026-02-06,https://files.pythonhosted.org/packages/37/c7/6765c550f1df379b6501dd2f4e7c5255699e27bae5e290f554fcaba3d313/nemo_toolkit-2.6.2-py3-none-any.whl,sha256:6a8f429db5d671c84e21aa028cd9fd1613304ac9ba261db79b5f45bc5faf2957
networkx,3.6.1,2025-12-08,https://files.pythonhosted.org/packages/9e/c9/b2622292ea83fbb4ec318f5b9ab867d0a28ab43c5717bb85b0a5f6b3b0a4/networkx-3.6.1-py3-none-any.whl,sha256:d47fbf302e7d9cbbb9e2555a0d267983d2aa476bac30e90dfbe5669bd57f3762
numba,0.61.0,2025-01-20,https://files.pythonhosted.org/packages/94/4f/8357a99a14f331b865a42cb4756ae37da85599b9c95e01277ea10361e91a/numba-0.61.0-cp312-cp312-win_amd64.whl,sha256:550d389573bc3b895e1ccb18289feea11d937011de4d278b09dc7ed585d1cdcb
numba-cuda,0.15.1,2025-06-14,https://files.pythonhosted.org/packages/f8/04/307a793117d631fceb2ae9b32c2b1cd42e36ba857f1815d1b417d1faa9b7/numba_cuda-0.15.1-py3-none-any.whl,sha256:b1b804d1b970996e9aab474d689166d1af62934abb456581fe005d052b4e70c6
numexpr,2.13.1,2025-09-30,https://files.pythonhosted.org/packages/b6/7e/92c01806608a3d1c88aabbda42e4849036200a5209af374bfa5c614aa5e5/numexpr-2.13.1-cp312-cp312-win_amd64.whl,sha256:8230a8f7cd4e6ba4022643c85e119aa4ca90412267ef20acdf1f54fb3136680d
numpy,1.26.4,2024-02-05,https://files.pythonhosted.org/packages/16/2e/86f24451c2d530c88daf997cb8d6ac622c1d40d19f5a031ed68a4b73a374/numpy-1.26.4-cp312-cp312-win_amd64.whl,sha256:08beddf13648eb95f8d867350f6a018a4be2e5ad54c8d8caed89ebca558b2818
nv-one-logger-core,2.3.1,2025-10-29,https://files.pythonhosted.org/packages/ee/c4/ea91554c4fcbff66057f667690101d7a4b965605741350ac661b03fa6c46/nv_one_logger_core-2.3.1-py3-none-any.whl,sha256:0c8b77bcdac4daa1ea913bf8d4afd2a057bd5526e3654ac39f67caba157341a6
nv-one-logger-pytorch-lightning-integration,2.3.1,2025-10-29,https://files.pythonhosted.org/packages/f0/56/01a55efb365b6864646b4ac941a1d9de66f024e880764510ba5a7a63f62c/nv_one_logger_pytorch_lightning_integration-2.3.1-py3-none-any.whl,sha256:f92904055fb0082516480cc1e3dd0bb6cedb2b033985ebfd4814b9cbf7da2cb2
nv-one-logger-training-telemetry,2.3.1,2025-10-29,https://files.pythonhosted.org/packages/e5/15/97e6e4ddfe5fc35bcee74a45b7c33fb73abb83713c7dfa26420b971a86c3/nv_one_logger_training_telemetry-2.3.1-py3-none-any.whl,sha256:5319443829b59378a498c3c62ac98973e14f31be675c229ff2b14e2fe109aa0b
omegaconf,2.3.0,2022-12-08,https://files.pythonhosted.org/packages/e3/94/1843518e420fa3ed6919835845df698c7e27e183cb997394e4a670973a65/omegaconf-2.3.0-py3-none-any.whl,sha256:7b4df175cdb08ba400f45cae3bdcae7ba8365db4d165fc65fd04b050ab63b46b
onnx,1.17.0,2024-10-01,https://files.pythonhosted.org/packages/35/55/c4d11bee1fdb0c4bd84b4e3562ff811a19b63266816870ae1f95567aa6e1/onnx-1.17.0-cp312-cp312-win_amd64.whl,sha256:659b8232d627a5460d74fd3c96947ae83db6d03f035ac633e20cd69cfa029227
onnxruntime,1.24.2,2026-02-19,https://files.pythonhosted.org/packages/ee/62/9d725326f933bf8323e309956a17e52d33fb59d35bb5dda1886f94352938/onnxruntime-1.24.2-cp312-cp312-win_amd64.whl,sha256:ebcee9276420a65e5fa08b05f18379c2271b5992617e5bdc0d0d6c5ea395c1a1
optuna,4.7.0,2026-01-19,https://files.pythonhosted.org/packages/75/d1/6c8a4fbb38a9e3565f5c36b871262a85ecab3da48120af036b1e4937a15c/optuna-4.7.0-py3-none-any.whl,sha256:e41ec84018cecc10eabf28143573b1f0bde0ba56dba8151631a590ecbebc1186
overrides,7.7.0,2024-01-27,https://files.pythonhosted.org/packages/2c/ab/fc8290c6a4c722e5514d80f62b2dc4c4df1a68a41d1364e625c35990fcf3/overrides-7.7.0-py3-none-any.whl,sha256:c7ed9d062f78b8e4c1a7b70bd8796b35ead4d9f510227ef9c5dc7626c60d7e49
packaging,24.2,2024-11-08,https://files.pythonhosted.org/packages/88/ef/eb23f262cca3c0c4eb7ab1933c3b1f03d021f2c48f54763065b6f0e321be/packaging-24.2-py3-none-any.whl,sha256:09abb1bccd265c01f4a3aa3f7a7db064b36514d2cba19a2f694fe6150451a759
packaging,26.2,2026-04-24,https://files.pythonhosted.org/packages/df/b2/87e62e8c3e2f4b32e5fe99e0b86d576da1312593b39f47d8ceef365e95ed/packaging-26.2-py3-none-any.whl (PyPI API 조회),sha256:5fc45236b9446107ff2415ce77c807cee2862cb6fac22b8a73826d0693b0980e
pandas,2.3.3,2025-09-29,https://files.pythonhosted.org/packages/86/41/585a168330ff063014880a80d744219dbf1dd7a1c706e75ab3425a987384/pandas-2.3.3-cp312-cp312-win_amd64.whl,sha256:a16dcec078a01eeef8ee61bf64074b4e524a2a3f4b3be9326420cabe59c4778b
parso,0.8.6,2026-02-09,https://files.pythonhosted.org/packages/b6/61/fae042894f4296ec49e3f193aff5d7c18440da9e48102c3315e1bc4519a7/parso-0.8.6-py2.py3-none-any.whl,sha256:2c549f800b70a5c4952197248825584cb00f033b29c692671d3bf08bf380baff
peft,0.18.1,2026-01-09,https://files.pythonhosted.org/packages/b3/14/b4e3f574acf349ae6f61f9c000a77f97a3b315b4bb6ad03791e79ae4a568/peft-0.18.1-py3-none-any.whl,sha256:0bf06847a3551e3019fc58c440cffc9a6b73e6e2962c95b52e224f77bbdb50f1
pillow,12.1.1,2026-02-11,https://files.pythonhosted.org/packages/3d/17/688626d192d7261bbbf98846fc98995726bddc2c945344b65bec3a29d731/pillow-12.1.1-cp312-cp312-win_amd64.whl,sha256:21329ec8c96c6e979cd0dfd29406c40c1d52521a90544463057d2aaa937d66a6
platformdirs,4.9.2,2026-02-16,https://files.pythonhosted.org/packages/48/31/05e764397056194206169869b50cf2fee4dbbbc71b344705b9c0d878d4d8/platformdirs-4.9.2-py3-none-any.whl,sha256:9170634f126f8efdae22fb58ae8a0eaa86f38365bc57897a6c4f781d1f5875bd
playwright,1.60.0,2026-05-18,https://files.pythonhosted.org/packages/55/f0/0541524133104f9cc20bf900870ff4a736b76a23483f3a55295ddfa58409/playwright-1.60.0-py3-none-win_amd64.whl,sha256:9566821ce6030a1f9e7146a24e19355ab0d98805fd0f9be50bb3d8fef1750c02
pooch,1.9.0,2026-01-30,https://files.pythonhosted.org/packages/2a/2d/d4bf65e47cea8ff2c794a600c4fd1273a7902f268757c531e0ee9f18aa58/pooch-1.9.0-py3-none-any.whl,sha256:f265597baa9f760d25ceb29d0beb8186c243d6607b0f60b83ecf14078dbc703b
prompt-toolkit,3.0.52,2025-08-27,https://files.pythonhosted.org/packages/84/03/0d3ce49e2505ae70cf43bc5bb3033955d2fc9f932163e84dc0779cc47f48/prompt_toolkit-3.0.52-py3-none-any.whl,sha256:9aac639a3bbd33284347de5ad8d68ecc044b91a762dc39b7c21095fcd6a19955
propcache,0.4.1,2025-10-08,https://files.pythonhosted.org/packages/54/09/d19cff2a5aaac632ec8fc03737b223597b1e347416934c1b3a7df079784c/propcache-0.4.1-cp312-cp312-win_amd64.whl,sha256:cb2d222e72399fcf5890d1d5cc1060857b9b236adff2792ff48ca2dfd46c81db
protobuf,5.29.6,2026-02-04,https://files.pythonhosted.org/packages/1c/66/2dc736a4d576847134fb6d80bd995c569b13cdc7b815d669050bf0ce2d2c/protobuf-5.29.6-cp310-abi3-win_amd64.whl,sha256:7e6ad413275be172f67fdee0f43484b6de5a904cc1c3ea9804cb6fe2ff366eda
psutil,7.2.2,2026-01-28,https://files.pythonhosted.org/packages/b4/90/e2159492b5426be0c1fef7acba807a03511f97c5f86b3caeda6ad92351a7/psutil-7.2.2-cp37-abi3-win_amd64.whl,sha256:eb7e81434c8d223ec4a219b5fc1c47d0417b12be7ea866e24fb5ad6e84b3d988
pure-eval,0.2.3,2024-07-21,https://files.pythonhosted.org/packages/8e/37/efad0257dc6e593a18957422533ff0f87ede7c9c6ea010a2177d738fb82f/pure_eval-0.2.3-py3-none-any.whl,sha256:1db8e35b67b3d218d818ae653e27f06c3aa420901fa7b081ca98cbedc874e0d0
pyannote-core,5.0.0,2022-12-15,https://files.pythonhosted.org/packages/84/c4/370bc8ba66815a5832ece753a1009388bb07ea353d21c83f2d5a1a436f2c/pyannote.core-5.0.0-py3-none-any.whl,sha256:04920a6754492242ce0dc6017545595ab643870fe69a994f20c1a5f2da0544d0
pyannote-database,5.1.3,2025-01-15,https://files.pythonhosted.org/packages/a1/64/92d51a3a05615ba58be8ba62a43f9f9f952d9f3646f7e4fb7826e5a3a24e/pyannote.database-5.1.3-py3-none-any.whl,sha256:37887844c7dfbcc075cb591eddc00aff45fae1ed905344e1f43e0090e63bd40a
pyannote-metrics,3.2.1,2022-06-20,https://files.pythonhosted.org/packages/6c/7d/035b370ab834b30e849fe9cd092b7bd7f321fcc4a2c56b84e96476b7ede5/pyannote.metrics-3.2.1-py3-none-any.whl,sha256:46be797cdade26c82773e5018659ae610145260069c7c5bf3d3c8a029ade8e22
pyarrow,23.0.1,2026-02-16,https://files.pythonhosted.org/packages/f6/70/1fdda42d65b28b078e93d75d371b2185a61da89dda4def8ba6ba41ebdeb4/pyarrow-23.0.1-cp312-cp312-win_amd64.whl,sha256:07deae7783782ac7250989a7b2ecde9b3c343a643f82e8a4df03d93b633006f0
pycparser,3.0,2026-01-21,https://files.pythonhosted.org/packages/0c/c3/44f3fbbfa403ea2a7c779186dc20772604442dde72947e7d01069cbe98e3/pycparser-3.0-py3-none-any.whl,sha256:b727414169a36b7d524c1c3e31839a521725078d7b2ff038656844266160a992
pydantic,2.12.5,2025-11-26,https://files.pythonhosted.org/packages/5a/87/b70ad306ebb6f9b585f114d0ac2137d792b48be34d732d60e597c2f8465a/pydantic-2.12.5-py3-none-any.whl,sha256:e561593fccf61e8a20fc46dfc2dfe075b8be7d0188df33f221ad1f0139180f9d
pydantic-core,2.41.5,2025-11-04,https://files.pythonhosted.org/packages/86/45/00173a033c801cacf67c190fef088789394feaf88a98a7035b0e40d53dc9/pydantic_core-2.41.5-cp312-cp312-win_amd64.whl,sha256:1962293292865bca8e54702b08a4f26da73adc83dd1fcf26fbc875b35d81c815
pydub,0.25.1,2021-03-10,https://files.pythonhosted.org/packages/a6/53/d78dc063216e62fc55f6b2eebb447f6a4b0a59f55c8406376f76bf959b08/pydub-0.25.1-py2.py3-none-any.whl,sha256:65617e33033874b59d87db603aa1ed450633288aefead953b30bded59cb599a6
pyee,13.0.1,2026-02-14,https://files.pythonhosted.org/packages/a0/c4/b4d4827c93ef43c01f599ef31453ccc1c132b353284fc6c87d535c233129/pyee-13.0.1-py3-none-any.whl,sha256:af2f8fede4171ef667dfded53f96e2ed0d6e6bd7ee3bb46437f77e3b57689228
pygments,2.19.2,2025-06-21,https://files.pythonhosted.org/packages/c7/21/705964c7812476f378728bdf590ca4b771ec72385c533964653c68e86bdc/pygments-2.19.2-py3-none-any.whl,sha256:86540386c03d588bb81d44bc3928634ff26449851e99741617ecb9037ee5ec0b
pyloudnorm,0.2.0,2026-01-04,https://files.pythonhosted.org/packages/aa/b6/65a49a05614b2548edbba3aab118f2ebe7441dfd778accdcdce9f6567f20/pyloudnorm-0.2.0-py3-none-any.whl,sha256:9bb69afb904f59d007a7f9ba3d75d16fb8aeef35c44d6df822a9f192d69cf13f
pyparsing,3.3.2,2026-01-21,https://files.pythonhosted.org/packages/10/bd/c038d7cc38edc1aa5bf91ab8068b63d4308c66c4c8bb3cbba7dfbc049f9c/pyparsing-3.3.2-py3-none-any.whl,sha256:850ba148bd908d7e2411587e247a1e4f0327839c40e2e5e6d05a007ecc69911d
python-dateutil,2.9.0.post0,2024-03-01,https://files.pythonhosted.org/packages/ec/57/56b9bcc3c9c6a792fcbaf139543cee77261f3651ca9da0c93f5c1221264b/python_dateutil-2.9.0.post0-py2.py3-none-any.whl,sha256:a8b2bc7bffae282281c8140a97d3aa9c14da0b136dfe83f850eea9a5f7470427
python-multipart,0.0.28,2026-05-10,https://files.pythonhosted.org/packages/f3/a2/43bbc5860b5034e2af4ef99a0e04d726ff329c43e192ef3abaa8d7ecfce5/python_multipart-0.0.28-py3-none-any.whl,sha256:10faac07eb966c3f48dc415f9dee46c04cb10d58d30a35677db8027c825ed9b6
pytorch-lightning,2.6.1,2026-01-30,https://files.pythonhosted.org/packages/0e/93/c8c361bf0a2fe50f828f32def460e8b8a14b93955d3fd302b1a9b63b19e4/pytorch_lightning-2.6.1-py3-none-any.whl,sha256:1f8118567ec829e3055f16cf1aa320883a86a47c836951bfd9dcfa34ec7ffd59
pytz,2025.2,2025-03-25,https://files.pythonhosted.org/packages/81/c4/34e93fe5f5429d7570ec1fa436f1986fb1f00c3e0f43a589fe2bbcd22c3f/pytz-2025.2-py2.py3-none-any.whl,sha256:5ddf76296dd8c44c26eb8f4b6f35488f3ccbf6fbbd7adee0b7262d43f0ec2f00
pyyaml,6.0.3,2025-09-25,https://files.pythonhosted.org/packages/86/bf/899e81e4cce32febab4fb42bb97dcdf66bc135272882d1987881a4b519e9/pyyaml-6.0.3-cp312-cp312-win_amd64.whl,sha256:5fcd34e47f6e0b794d17de1b4ff496c00986e1c83f7ab2fb8fcfe9616ff7477b
rapidfuzz,3.14.3,2025-11-01,https://files.pythonhosted.org/packages/b8/63/d06ecce90e2cf1747e29aeab9f823d21e5877a4c51b79720b2d3be7848f8/rapidfuzz-3.14.3-cp312-cp312-win_amd64.whl,sha256:b5100fd6bcee4d27f28f4e0a1c6b5127bc8ba7c2a9959cad9eab0bf4a7ab3329
regex,2026.2.19,2026-02-19,https://files.pythonhosted.org/packages/fc/4a/6ff550b63e67603ee60e69dc6bd2d5694e85046a558f663b2434bdaeb285/regex-2026.2.19-cp312-cp312-win_amd64.whl,sha256:4146dc576ea99634ae9c15587d0c43273b4023a10702998edf0fa68ccb60237a
requests,2.32.5,2025-08-18,https://files.pythonhosted.org/packages/1e/db/4254e3eabe8020b458f1a747140d32277ec7a271daf1d235b70dc0b4e6e3/requests-2.32.5-py3-none-any.whl,sha256:2462f94637a34fd532264295e186976db0f5d453d1cdd31473c85a6a161affb6
resampy,0.4.3,2024-03-05,https://files.pythonhosted.org/packages/4d/b9/3b00ac340a1aab3389ebcc52c779914a44aadf7b0cb7a3bf053195735607/resampy-0.4.3-py3-none-any.whl,sha256:ad2ed64516b140a122d96704e32bc0f92b23f45419e8b8f478e5a05f83edcebd
rich,14.3.3,2026-02-19,https://files.pythonhosted.org/packages/14/25/b208c5683343959b670dc001595f2f3737e051da617f66c31f7c4fa93abc/rich-14.3.3-py3-none-any.whl,sha256:793431c1f8619afa7d3b52b2cdec859562b950ea0d4b6b505397612db8d5362d
ruamel-yaml,0.19.1,2026-01-02,https://files.pythonhosted.org/packages/b8/0c/51f6841f1d84f404f92463fc2b1ba0da357ca1e3db6b7fbda26956c3b82a/ruamel_yaml-0.19.1-py3-none-any.whl,sha256:27592957fedf6e0b62f281e96effd28043345e0e66001f97683aa9a40c667c93
sacremoses,0.1.1,2023-10-30,https://files.pythonhosted.org/packages/0b/f0/89ee2bc9da434bd78464f288fdb346bc2932f2ee80a90b2a4bbbac262c74/sacremoses-0.1.1-py3-none-any.whl,sha256:31e04c98b169bfd902144824d191825cd69220cdb4ae4bcf1ec58a7db5587b1a
safetensors,0.7.0,2025-11-19,https://files.pythonhosted.org/packages/5d/e6/ec8471c8072382cb91233ba7267fd931219753bb43814cbc71757bfd4dab/safetensors-0.7.0-cp38-abi3-win_amd64.whl,sha256:d1239932053f56f3456f32eb9625590cc7582e905021f94636202a864d470755
scikit-learn,1.8.0,2025-12-10,https://files.pythonhosted.org/packages/9f/c4/0ab22726a04ede56f689476b760f98f8f46607caecff993017ac1b64aa5d/scikit_learn-1.8.0-cp312-cp312-win_amd64.whl,sha256:35c007dedb2ffe38fe3ee7d201ebac4a2deccd2408e8621d53067733e3c74809
scipy,1.17.1,2026-02-23,https://files.pythonhosted.org/packages/a2/84/dc08d77fbf3d87d3ee27f6a0c6dcce1de5829a64f2eae85a0ecc1f0daa73/scipy-1.17.1-cp312-cp312-win_amd64.whl,sha256:41b71f4a3a4cab9d366cd9065b288efc4d4f3c0b37a91a8e0947fb5bd7f31d87
sentencepiece,0.2.1,2025-08-12,https://files.pythonhosted.org/packages/2d/81/92df5673c067148c2545b1bfe49adfd775bcc3a169a047f5a0e6575ddaca/sentencepiece-0.2.1-cp312-cp312-win_amd64.whl,sha256:4cdc7c36234fda305e85c32949c5211faaf8dd886096c7cea289ddc12a2d02de
sentry-sdk,2.53.0,2026-02-16,https://files.pythonhosted.org/packages/47/d4/2fdf854bc3b9c7f55219678f812600a20a138af2dd847d99004994eada8f/sentry_sdk-2.53.0-py2.py3-none-any.whl,sha256:46e1ed8d84355ae54406c924f6b290c3d61f4048625989a723fd622aab838899
setuptools,81.0.0,2026-02-06,https://files.pythonhosted.org/packages/e1/e3/c164c88b2e5ce7b24d667b9bd83589cf4f3520d97cad01534cd3c4f55fdb/setuptools-81.0.0-py3-none-any.whl,sha256:fdd925d5c5d9f62e4b74b30d6dd7828ce236fd6ed998a08d81de62ce5a6310d6
shellingham,1.5.4,2023-10-24,https://files.pythonhosted.org/packages/e0/f9/0595336914c5619e5f28a1fb793285925a8cd4b432c9da0a987836c7f822/shellingham-1.5.4-py2.py3-none-any.whl,sha256:7ecfff8f2fd72616f7481040475a65b2bf8af90a56c89140852d1120324e8686
six,1.17.0,2024-12-04,https://files.pythonhosted.org/packages/b7/ce/149a00dd41f10bc29e5921b496af8b574d8413afcd5e30dfa0ed46c2cc5e/six-1.17.0-py2.py3-none-any.whl,sha256:4721f391ed90541fddacab5acf947aa0d3dc7d27b2e1e8eda2be8970586c3274
smmap,5.0.2,2025-01-02,https://files.pythonhosted.org/packages/04/be/d09147ad1ec7934636ad912901c5fd7667e1c858e19d355237db0d0cd5e4/smmap-5.0.2-py3-none-any.whl,sha256:b30115f0def7d7531d22a0fb6502488d879e75b260a9db4d0819cfb25403af5e
sortedcontainers,2.4.0,2021-05-16,https://files.pythonhosted.org/packages/32/46/9cb0e58b2deb7f82b84065f37f3bffeb12413f947f9388e4cac22c4621ce/sortedcontainers-2.4.0-py2.py3-none-any.whl,sha256:a163dcaede0f1c021485e957a39245190e74249897e2ae4b2aa38595db237ee0
sounddevice,0.5.5,2026-01-23,https://files.pythonhosted.org/packages/c3/0e/002ed7c4c1c2ab69031f78989d3b789fee3a7fba9e586eb2b81688bf4961/sounddevice-0.5.5-py3-none-win_amd64.whl,sha256:cfc6b2c49fb7f555591c78cb8ecf48d6a637fd5b6e1db5fec6ed9365d64b3519
soundfile,0.13.1,2025-01-25,https://files.pythonhosted.org/packages/14/e9/6b761de83277f2f02ded7e7ea6f07828ec78e4b229b80e4ca55dd205b9dc/soundfile-0.13.1-py2.py3-none-win_amd64.whl,sha256:1e70a05a0626524a69e9f0f4dd2ec174b4e9567f4d8b6c11d38b5c289be36ee9
sox,1.5.0,2024-03-20,https://files.pythonhosted.org/packages/3d/a2/d8e0d8fd7abf509ead4a2cb0fb24e5758b5330166bf9223d5cb9f98a7e8d/sox-1.5.0.tar.gz,sha256:12c7be5bb1f548d891fe11e82c08cf5f1a1d74e225298f60082e5aeb2469ada0
soxr,1.0.0,2025-09-07,https://files.pythonhosted.org/packages/ce/04/530252227f4d0721a5524a936336485dfb429bb206a66baf8e470384f4a2/soxr-1.0.0-cp312-abi3-win_amd64.whl,sha256:2a3b77b115ae7c478eecdbd060ed4f61beda542dfb70639177ac263aceda42a2
sqlalchemy,2.0.46,2026-01-21,https://files.pythonhosted.org/packages/bc/2a/2821a45742073fc0331dc132552b30de68ba9563230853437cac54b2b53e/sqlalchemy-2.0.46-cp312-cp312-win_amd64.whl,sha256:ea3cd46b6713a10216323cda3333514944e510aa691c945334713fca6b5279ff
stack-data,0.6.3,2023-09-30,https://files.pythonhosted.org/packages/f1/7b/ce1eafaf1a76852e2ec9b22edecf1daa58175c090266e9f6c64afcd81d91/stack_data-0.6.3-py3-none-any.whl,sha256:d5558e0c25a4cb0853cddad3d77da9891a08cb85dd9f9f91b9f8cd66e511e695
starlette,0.52.1,2026-01-18,https://files.pythonhosted.org/packages/81/0d/13d1d239a25cbfb19e740db83143e95c772a1fe10202dda4b76792b114dd/starlette-0.52.1-py3-none-any.whl,sha256:0029d43eb3d273bc4f83a08720b4912ea4b071087a3b48db01b7c839f7954d74
strenum,0.4.15,2023-06-29,https://files.pythonhosted.org/packages/81/69/297302c5f5f59c862faa31e6cb9a4cd74721cd1e052b38e464c5b402df8b/StrEnum-0.4.15-py3-none-any.whl,sha256:a30cda4af7cc6b5bf52c8055bc4bf4b2b6b14a93b574626da33df53cf7740659
sympy,1.14.0,2025-04-27,https://files.pythonhosted.org/packages/a2/09/77d55d46fd61b4a135c444fc97158ef34a095e5681d0a6c10b75bf356191/sympy-1.14.0-py3-none-any.whl,sha256:e091cc3e99d2141a0ba2847328f5479b05d94a6635cb96148ccb3f34671bd8f5
tabulate,0.9.0,2022-10-06,https://files.pythonhosted.org/packages/40/44/4a5f08c96eb108af5cb50b41f76142f0afa346dfa99d5296fe7202a11854/tabulate-0.9.0-py3-none-any.whl,sha256:024ca478df22e9340661486f85298cff5f6dcdba14f3813e8830015b9ed1948f
tensorboard,2.20.0,2025-07-17,https://files.pythonhosted.org/packages/9c/d9/a5db55f88f258ac669a92858b70a714bbbd5acd993820b41ec4a96a4d77f/tensorboard-2.20.0-py3-none-any.whl,sha256:9dc9f978cb84c0723acf9a345d96c184f0293d18f166bb8d59ee098e6cfaaba6
tensorboard-data-server,0.7.2,2023-10-23,https://files.pythonhosted.org/packages/7a/13/e503968fefabd4c6b2650af21e110aa8466fe21432cd7c43a84577a89438/tensorboard_data_server-0.7.2-py3-none-any.whl,sha256:7e0610d205889588983836ec05dc098e80f97b7e7bbff7e994ebb78f578d0ddb
text-unidecode,1.3,2019-08-30,https://files.pythonhosted.org/packages/a6/a5/c0b6468d3824fe3fde30dbb5e1f687b291608f9473681bbf7dabbf5a87d7/text_unidecode-1.3-py2.py3-none-any.whl,sha256:1311f10e8b895935241623731c2ba64f4c455287888b18189350b67134a822e8
threadpoolctl,3.6.0,2025-03-13,https://files.pythonhosted.org/packages/32/d5/f9a850d79b0851d1d4ef6456097579a9005b31fea68726a4ae5f2d82ddd9/threadpoolctl-3.6.0-py3-none-any.whl,sha256:43a0b8fd5a2928500110039e43a5eed8480b918967083ea48dc3ab9f13c4a7fb
tiktoken,0.12.0,2025-10-06,https://files.pythonhosted.org/packages/81/10/b8523105c590c5b8349f2587e2fdfe51a69544bd5a76295fc20f2374f470/tiktoken-0.12.0-cp312-cp312-win_amd64.whl,sha256:ffc5288f34a8bc02e1ea7047b8d041104791d2ddbf42d1e5fa07822cbffe16bd
tokenizers,0.21.4,2025-07-28,https://files.pythonhosted.org/packages/41/f2/fd673d979185f5dcbac4be7d09461cbb99751554ffb6718d0013af8604cb/tokenizers-0.21.4-cp39-abi3-win_amd64.whl,sha256:475d807a5c3eb72c59ad9b5fcdb254f6e17f53dfcbb9903233b0dfa9c943b597
toml,0.10.2,2020-11-01,https://files.pythonhosted.org/packages/44/6f/7120676b6d73228c96e17f1f794d8ab046fc910d781c8d151120c3f1569e/toml-0.10.2-py2.py3-none-any.whl,sha256:806143ae5bfb6a3c6e736a764057db0e6a0e05e338b5630894a5f779cabb4f9b
toolz,1.1.0,2025-10-17,https://files.pythonhosted.org/packages/fb/12/5911ae3eeec47800503a238d971e51722ccea5feb8569b735184d5fcdbc0/toolz-1.1.0-py3-none-any.whl,sha256:15ccc861ac51c53696de0a5d6d4607f99c210739caf987b5d2054f3efed429d8
torch,2.11.0+cu128,2026-04-27,https://download-r2.pytorch.org/whl/cu128/torch-2.11.0%2Bcu128-cp312-cp312-win_amd64.whl,sha256:7c78215c3af4f62e63f2b2e360f1722fc719b0853c7ac22666483d9810613a4c
torchaudio,2.11.0+cu128,2026-03-23,https://download-r2.pytorch.org/whl/cu128/torchaudio-2.11.0%2Bcu128-cp312-cp312-win_amd64.whl,sha256:e0203d44b6dcf4c59f2ce38f997616e663b2a23a9e0b20ebb90ea0c787b5e86a
torchmetrics,1.8.2,2025-09-03,https://files.pythonhosted.org/packages/02/21/aa0f434434c48490f91b65962b1ce863fdcce63febc166ca9fe9d706c2b6/torchmetrics-1.8.2-py3-none-any.whl,sha256:08382fd96b923e39e904c4d570f3d49e2cc71ccabd2a94e0f895d1f0dac86242
tqdm,4.67.3,2026-02-03,https://files.pythonhosted.org/packages/16/e1/3079a9ff9b8e11b846c6ac5c8b5bfb7ff225eee721825310c91b3b50304f/tqdm-4.67.3-py3-none-any.whl,sha256:ee1e4c0e59148062281c49d80b25b67771a127c85fc9676d3be5f243206826bf
traitlets,5.14.3,2024-04-19,https://files.pythonhosted.org/packages/00/c0/8f5d070730d7836adc9c9b6408dec68c6ced86b304a9b26a14df072a6e8c/traitlets-5.14.3-py3-none-any.whl,sha256:b74e89e397b1ed28cc831db7aea759ba6640cb3de13090ca145426688ff1ac4f
transformers,4.53.3,2025-07-22,https://files.pythonhosted.org/packages/41/b1/d7520cc5cb69c825599042eb3a7c986fa9baa8a8d2dea9acd78e152c81e2/transformers-4.53.3-py3-none-any.whl,sha256:5aba81c92095806b6baf12df35d756cf23b66c356975fb2a7fa9e536138d7c75
typeguard,4.5.1,2026-02-19,https://files.pythonhosted.org/packages/91/88/b55b3117287a8540b76dbdd87733808d4d01c8067a3b339408c250bb3600/typeguard-4.5.1-py3-none-any.whl,sha256:44d2bf329d49a244110a090b55f5f91aa82d9a9834ebfd30bcc73651e4a8cc40
typer,0.24.1,2026-02-21,https://files.pythonhosted.org/packages/4a/91/48db081e7a63bb37284f9fbcefda7c44c277b18b0e13fbc36ea2335b71e6/typer-0.24.1-py3-none-any.whl,sha256:112c1f0ce578bfb4cab9ffdabc68f031416ebcc216536611ba21f04e9aa84c9e
typing-extensions,4.15.0,2025-08-25,https://files.pythonhosted.org/packages/18/67/36e9267722cc04a6b9f15c7f3441c2363321a3ea07da7ae0c0707beb2a9c/typing_extensions-4.15.0-py3-none-any.whl,sha256:f0fa19c6845758ab08074a0cfa8b7aecb71c999ca73d62883bc25cc018c4e548
typing-inspection,0.4.2,2025-10-01,https://files.pythonhosted.org/packages/dc/9b/47798a6c91d8bdb567fe2698fe81e0c6b7cb7ef4d13da4114b41d239f65d/typing_inspection-0.4.2-py3-none-any.whl,sha256:4ed1cacbdc298c220f1bd249ed5287caa16f34d44ef4e9c3d0cbad5b521545e7
tzdata,2025.3,2025-12-13,https://files.pythonhosted.org/packages/c7/b0/003792df09decd6849a5e39c28b513c06e84436a54440380862b5aeff25d/tzdata-2025.3-py2.py3-none-any.whl,sha256:06a47e5700f3081aab02b2e513160914ff0694bce9947d6b76ebd6bf57cfc5d1
urllib3,2.6.3,2026-01-07,https://files.pythonhosted.org/packages/39/08/aaaad47bc4e9dc8c725e68f9d04865dbcb2052843ff09c97b08904852d84/urllib3-2.6.3-py3-none-any.whl,sha256:bf272323e553dfb2e87d9bfd225ca7b0f467b919d7bbd355436d3fd37cb0acd4
uv,0.11.24,2026-06-23,https://files.pythonhosted.org/packages/30/a3/d95fda2e0bc9ac693a3f90eae673ce2c2d2f8a4c6e87d3a47dbeba9bc34d/uv-0.11.24-py3-none-win_amd64.whl (PyPI API 조회),sha256:ed0c9a9d7909f0e48a9dafe666ca9ebefe2a1534e51ed05c0a7de7406465f868
uvicorn,0.41.0,2026-02-16,https://files.pythonhosted.org/packages/83/e4/d04a086285c20886c0daad0e026f250869201013d18f81d9ff5eada73a88/uvicorn-0.41.0-py3-none-any.whl,sha256:29e35b1d2c36a04b9e180d4007ede3bcb32a85fbdfd6c6aeb3f26839de088187
wandb,0.25.0,2026-02-13,https://files.pythonhosted.org/packages/25/97/460f6cb738aaa39b4eb2e6b4c630b2ae4321cdd70a79d5955ea75a878981/wandb-0.25.0-py3-none-win_amd64.whl,sha256:78307ac0b328f2dc334c8607bec772851215584b62c439eb320c4af4fb077a00
wcwidth,0.6.0,2026-02-06,https://files.pythonhosted.org/packages/68/5a/199c59e0a824a3db2b89c5d2dade7ab5f9624dbf6448dc291b46d5ec94d3/wcwidth-0.6.0-py3-none-any.whl,sha256:1a3a1e510b553315f8e146c54764f4fb6264ffad731b3d78088cdb1478ffbdad
webdataset,1.0.2,2025-06-19,https://files.pythonhosted.org/packages/d9/00/aca6beb3658dab4ed3dbb41a78e6e7f31342e0b41d28088f205525751601/webdataset-1.0.2-py3-none-any.whl,sha256:3dbfced32b25c0d199c6b9787937b6f85742bc3c84f652c846893075c1c082d9
websockets,16.0,2026-01-10,https://files.pythonhosted.org/packages/c3/f0/f3a17365441ed1c27f850a80b2bc680a0fa9505d733fe152fdf5e98c1c0b/websockets-16.0-cp312-cp312-win_amd64.whl,sha256:5569417dc80977fc8c2d43a86f78e0a5a22fee17565d78621b6bb264a115d4ea
werkzeug,3.1.6,2026-02-19,https://files.pythonhosted.org/packages/4d/ec/d58832f89ede95652fd01f4f24236af7d32b70cab2196dfcc2d2fd13c5c2/werkzeug-3.1.6-py3-none-any.whl,sha256:7ddf3357bb9564e407607f988f683d72038551200c704012bb9a4c523d42f131
wget,3.2,2015-10-22,https://files.pythonhosted.org/packages/47/6a/62e288da7bcda82b935ff0c6cfe542970f04e29c756b0e147251b2fb251f/wget-3.2.zip,sha256:35e630eca2aa50ce998b9b1a127bb26b30dfee573702782aa982f875e3f16061
wheel,0.47.0,2026-04-22,https://files.pythonhosted.org/packages/87/1b/9e33c09813d65e248f7f773119148a612516a4bea93e9c6f545f78455b7c/wheel-0.47.0-py3-none-any.whl (PyPI API 조회),sha256:212281cab4dff978f6cedd499cd893e1f620791ca6ff7107cf270781e587eced
whisper-normalizer,0.1.12,2025-06-06,https://files.pythonhosted.org/packages/07/d7/2bf42cb3f19da0aec48052a6e3bc3a592afc182fe98c011a0e0ae5fbe1f5/whisper_normalizer-0.1.12-py3-none-any.whl,sha256:2cd7276d2599c05147a50cf86d240e6cd27623f5ccfe8b20ccea6a518274989a
whisperlivekit,0.2.20,해당없음,"자체 빌드 (uv build --wheel, PyPI 아님)",sha256:5c558206bd9a5ad5cf79fd3f8f473673a7e6a44e5f26729bba7ab06ca02fc5f0
wrapt,2.1.1,2026-02-03,https://files.pythonhosted.org/packages/0a/c8/37625b643eea2849f10c3b90f69c7462faa4134448d4443234adaf122ae5/wrapt-2.1.1-cp312-cp312-win_amd64.whl,sha256:b828235d26c1e35aca4107039802ae4b1411be0fe0367dd5b7e4d90e562fcbcd
xxhash,3.6.0,2025-10-02,https://files.pythonhosted.org/packages/13/5d/0d125536cbe7565a83d06e43783389ecae0c0f2ed037b48ede185de477c0/xxhash-3.6.0-cp312-cp312-win_amd64.whl,sha256:c0f2ab8c715630565ab8991b536ecded9416d615538be8ecddce43ccf26cbc7c
yarl,1.22.0,2025-10-06,https://files.pythonhosted.org/packages/c8/9a/6ad1a9b37c2f72874f93e691b2e7ecb6137fb2b899983125db4204e47575/yarl-1.22.0-cp312-cp312-win_amd64.whl,sha256:8884d8b332a5e9b88e23f60bb166890009429391864c685e17bd73a9eda9105c
